cycles,capacity,voltage,temperature,needs_replacement
1992,64.85913912100798,3.5747527823847873,31.783023833501495,1
1230,71.72603675125006,3.610053983767047,20.86349679119339,1
1668,62.37187282758202,3.5572049895374422,18.778256110149112,1
311,85.26268919241083,3.5602352161770137,26.82433895874573,0
756,84.80684712665081,3.450193641267516,34.897651767376814,0
1381,67.5867387290194,3.586627953662853,22.09170431460601,1
83,103.14966581597017,3.543503863794892,13.665563469223727,0
878,82.6349060312873,3.74539715309971,19.47601952183137,0
1228,71.74034363537999,3.4430169674898377,37.663602399001796,1
1315,71.77766178826725,3.5490727709004126,22.519429550292312,1
855,83.02924426663806,3.7817804819224485,41.67980410099297,0
144,95.876613863484,3.6260627618527184,13.45514163410936,0
433,92.79867209708706,3.739405535512994,24.79758987223687,0
807,81.58325289717304,3.561621841112723,23.13524648215939,0
1,97.73873047977432,3.7111767113362335,28.668199728674594,0
1221,77.19480054371132,3.5885738345290665,17.265617178014583,1
458,90.86056711218994,3.7329172270847315,39.67938218922153,0
373,79.51426086998687,3.689887437691926,2.364756161644003,1
1653,70.60593688028271,3.5871343432469915,20.84993404010868,1
57,92.04827628532124,3.7125551825304246,27.959230164169057,0
647,88.13818202141762,3.8437612675150166,21.048348838804777,0
482,83.10270993306382,3.544765205815418,18.378536654385847,0
1912,63.44845132789909,3.4296217136127245,5.756203037467774,1
138,105.85522979204723,3.6163519767686756,46.62592686701058,0
1269,80.38584634580553,3.5511861460487335,20.256026029817505,0
87,92.24018864191136,3.6956677605357626,25.854170150726606,0
124,107.6516996902307,3.6865535028900016,10.594115075206819,0
1371,75.73256976459207,3.571197835443997,7.427713751380097,1
835,83.37421213401258,3.5062134124288655,36.331932939190516,0
1180,67.47172058424329,3.4806302825461177,13.99393205663216,1
803,82.32876473325902,3.4431704649448167,34.626240688069245,0
1954,62.786980257491734,3.6027238543144127,25.271424435628308,1
947,77.47195328410419,3.6325169735748353,30.198029155857196,1
1069,74.9869625845271,3.651814554504025,19.83618830539835,1
204,103.1202187106328,3.744170474292884,5.332553870510054,0
1375,77.99525393635187,3.693971679470063,21.104389623422122,1
1927,57.505754414792385,3.4242038598750892,9.716659737942017,1
1091,75.08997090693892,3.5170176221063634,19.5794758463473,1
1294,76.79417890600413,3.49841071637979,29.813896547392808,1
1192,72.32906327686146,3.5227781571024495,11.29167303532309,1
1332,72.82789149705404,3.6557223194190662,18.422801121988087,1
1650,68.64592885624306,3.68587323617933,26.348579543995793,1
908,99.24267523388883,3.475356641297407,27.692941984871794,0
1773,58.866764828878374,3.5727148803239914,38.942609571522276,1
1964,55.81242487347945,3.3652660768721967,25.8101294174499,1
1437,73.80682576576243,3.573446227467684,18.569818888393787,1
969,80.71843858497662,3.6611803503792237,34.11637195573405,0
817,89.8213379654599,3.5469097854015885,29.03856045176822,0
454,91.22505509706286,3.627474263804289,23.046504365499953,0
94,101.20069883526122,3.7134636802540606,11.352495876108176,0
754,91.35351637739925,3.7023162777057514,-0.6424932886359613,0
262,93.22339888725571,3.685641615508624,12.337340045390564,0
315,96.30545898297936,3.713954696437414,34.44436238702117,0
1884,64.77956855315666,3.5430201405284807,23.318592386848962,1
1993,59.656491645990215,3.5413902926756253,33.95514890153853,1
784,87.5178614229066,3.6338660851792444,19.500103321993,0
1878,63.198693384665916,3.5666443857364336,39.94636597338777,1
1323,75.59847284711141,3.490631496205204,30.95568009737773,1
1615,69.83514869184445,3.79967926434248,6.9842781211985745,1
267,90.88894837961634,3.6466463070447612,25.78535069042042,0
1275,70.74177158611394,3.4179038214419375,25.364681462710834,1
1699,62.43251676063763,3.6105497120191066,29.429346993133137,1
156,95.68305753601403,3.7749518835845945,51.399518359423354,0
1744,77.70492855838276,3.5649219735764355,15.779503914613501,1
149,99.94284939576568,3.6324990487846285,27.79580655704896,0
631,99.45160246690479,3.5438584585933146,10.859178774912394,0
580,79.52420567423933,3.648084403969737,34.447070437211636,1
1862,57.80305657339491,3.507068449607632,21.498907336616952,1
1045,80.31797524030483,3.600514381133708,20.178780856556813,0
1167,68.70929975897408,3.69199651193883,26.938510587944943,1
1377,68.87119693380413,3.427392542722379,27.465321260690388,1
621,83.56184600751723,3.3986145392885008,16.487956154139283,0
1081,82.87160169886796,3.640767920089134,28.540675714777137,0
519,91.19572789506792,3.5424399785018386,30.392449282023033,0
1284,74.85229538881855,3.6068018051419175,31.222186400575755,1
1952,56.70264959886246,3.4932394184452424,38.00861484465546,1
1205,67.00602883958138,3.719227950628913,13.151569389700668,1
715,82.54758931181773,3.749733218378997,3.8752782806620445,0
1849,64.6375302337705,3.4826391223211752,23.65604599214312,1
1645,63.8101172060686,3.324419060554442,35.27990173415648,1
289,98.41623256553737,3.8397779841020525,40.37757407199442,0
84,109.44914956589271,3.6367583700165342,40.02432534777576,0
50,105.55664974234439,3.877949866112421,33.1869221570572,0
167,93.79124604765508,3.786977052364802,18.366877881617835,0
1662,59.741398129797446,3.369223140963263,18.706813598637098,1
1276,63.76417302127159,3.5262471330548935,8.297199549610049,1
823,83.83608646286295,3.5300556807696055,32.967225169701095,0
1936,70.84945260572051,3.559832413426241,22.099492740829998,1
384,97.02936993657458,3.7015408777029384,22.424198135485657,0
1609,74.97910062071581,3.7435739412016025,19.968271992078506,1
1059,76.89349838009143,3.733999666366971,25.939920942996014,1
946,80.88295602291534,3.661442013366398,16.0155215076091,0
785,80.21195524391484,3.787139074320475,3.5869656197021342,0
521,92.86381413366851,3.687739096167503,27.999245795564548,0
145,93.36314018031476,3.730734192127617,14.828302114940792,0
1888,65.75348189294998,3.4316398648506774,19.10456843213202,1
314,90.24892848331494,3.761012027470904,19.628122372016364,0
408,92.29928533527327,3.6514916029493865,26.65023693732328,0
1380,68.9852111349904,3.586495765323987,37.38849877003628,1
886,77.1132187875719,3.6318173187180176,31.682890400373385,1
1531,61.29053593714637,3.4790781754615905,22.639616210184805,1
886,82.78916141937093,3.531194013304686,40.48735207613733,0
1307,79.42992080327541,3.5139864946521024,25.107304773162834,1
1895,63.582051475938286,3.4609999141818775,28.566983948740578,1
755,77.83154039853983,3.728958042025876,12.515301950302115,1
1679,64.43489122310055,3.7490936521247344,5.839809294658252,1
1835,67.87738940113077,3.6029039718427605,32.23978408552127,1
1757,60.708145392928124,3.7545355427712614,14.595999020457464,1
1158,79.53508020883278,3.5025598570148544,29.21334831069459,1
1239,66.78406270968635,3.314465635705158,18.697964068721326,1
1320,66.24191006130562,3.4203008620956123,27.349133283079002,1
253,100.06000060994344,3.92127366028879,37.004833626279336,0
1873,59.70721018549653,3.6399268156025038,27.841813169309766,1
1555,68.33068751187311,3.6621708862333247,14.963532028243884,1
190,96.09175953060819,3.636893247606502,20.288092558029472,0
211,96.96086941732679,3.6779137467376657,12.63988408722633,0
237,99.16090619860813,3.593910104453941,44.90100637978853,0
369,88.52641006479907,3.737833177249235,25.42406483819997,0
704,100.34650114053062,3.6098440591304017,28.84874464692888,0
1350,81.32481499897862,3.4390761861305994,13.212952835737738,0
1262,73.47994031080589,3.6206635761586483,7.638992937881913,1
1952,70.10732530032114,3.776195971865334,25.206463389718753,1
906,83.60854628454587,3.5037537389346824,21.529069526866344,0
885,83.32764435227513,3.6291387214114788,46.671973558369395,0
104,99.28528911575143,3.56835624178201,22.899530519724106,0
304,90.08646525055477,3.724225512762245,27.1338488333568,0
1657,60.92981670336083,3.5004224489558275,22.500101762139515,1
1618,72.23063945653494,3.4483825053540627,15.127932998931671,1
1225,75.2220171107108,3.4416903953662574,35.92389504114612,1
1236,74.6518097776227,3.664424750031217,24.17483066218596,1
1013,83.45371085465933,3.5720283405589925,21.622857154049704,0
428,92.82048300513358,3.6783545301090803,17.66139399451327,0
610,88.3127808857642,3.6059148410009945,13.253820504110859,0
1770,71.46828879076945,3.5485455062158864,22.90944880277059,1
1538,69.03514308407235,3.7200854614991203,31.037754256764504,1
1528,74.73570780313874,3.6574622877464957,31.293956980653522,1
1990,62.043156998894155,3.422491921773389,10.950834160706881,1
424,94.08094522816504,3.8211548316896122,27.281969869776646,0
1464,65.01365365185816,3.58771281611753,26.343174831781365,1
416,95.60538145011407,3.4363103272116224,14.801334386308099,0
832,82.98764277843726,3.6127337973681364,23.47974732516689,0
1269,73.31739566868653,3.539191957987883,29.84340227824521,1
1926,63.47988303248763,3.479702598069011,28.143706355250405,1
768,82.68309250464989,3.6905529412525193,13.850755461293463,0
112,106.36652219495762,3.5783101559642723,40.01890796812881,0
1369,69.45822033420147,3.552896740920277,26.80017351525634,1
44,109.85856344375526,3.692534674857493,28.302861355578532,0
1790,71.38129709775535,3.462277501380977,27.957360607243263,1
1673,74.45108580173735,3.5288068022660686,25.38685106431789,1
1384,72.17044660325,3.529013506076715,23.458437488922304,1
630,89.85671133261343,3.503771551141447,35.89952766774533,0
255,100.38970137841476,3.6737042931028343,37.471057364292584,0
1115,71.93367900191402,3.4550247153412257,14.810415475452574,1
1598,66.30629624750483,3.5244548348284637,16.24680579172973,1
1195,72.70672557982525,3.5051091981200715,-1.02416285492545,1
1510,72.6881669966124,3.5197128715270094,38.829548690038074,1
1107,86.92986000282691,3.545289768875504,20.075777089270666,0
1925,59.86891424431116,3.5829760333806653,16.99737312623592,1
1075,73.72225329988761,3.6831529195980806,31.00766047904618,1
491,89.26055229624993,3.7500048988905172,34.8416434821623,0
154,98.6403384139442,3.6887627409809505,23.377365933896478,0
701,74.10329066941009,3.3660930232381445,37.72829028866184,1
1389,72.97072421270958,3.5210414816956135,25.555196763280215,1
260,96.53812674506602,3.6998535324944815,41.89307684565368,0
1510,66.25848536802239,3.5496962577544826,30.225718350363078,1
327,88.00292027554048,3.8264028161145465,39.83428881654962,0
715,78.53045049363615,3.772811333363441,-0.8163290432710397,1
1642,71.41413323485345,3.5346529886769718,27.290442274646452,1
1459,67.27242734613738,3.6659740020582383,32.451271045694284,1
1530,74.51533389104725,3.5855716631826846,16.196236267241314,1
511,82.78678908543814,3.7587365128504566,21.448557617840244,0
299,90.70865837010805,3.6801085679917542,19.14715606094745,0
1483,66.97434797543389,3.5688887494436403,23.057383652882116,1
1623,69.71537121276361,3.535087417519114,37.6127065764414,1
1753,68.82926785139178,3.5140355178181464,3.172049338327234,1
1859,69.25835744463346,3.612870354758966,32.6718806783991,1
968,76.87778430295388,3.5859272416840757,31.125814967391328,1
1143,73.63214690708577,3.6018161624016907,30.368797997353678,1
1240,65.12547472649858,3.5795625050523245,24.07139615334518,1
90,100.20930842973702,3.675023140918801,28.20765660732492,0
677,80.03417869901118,3.6485591400862716,24.466274407157414,0
1074,83.27791734244244,3.4961275146316573,41.50183159687025,0
662,84.57155427784468,3.8493538084311014,25.494748444683022,0
1315,71.37986424517976,3.4904028054998855,34.11765082355775,1
1339,74.59270111034846,3.628271975849957,21.11441403340967,1
1190,76.62888570746401,3.442385820918663,20.578066174924214,1
1357,64.94164283194658,3.4449204415956745,28.297887673296177,1
107,102.82737472381466,3.6860418683265,22.195403847823812,0
544,99.70928559192464,3.7024728284453654,17.911600144724662,0
1030,75.64179444486186,3.6213557409028443,41.09013200612747,1
1352,76.22772592715309,3.5313740575519352,36.56691700620924,1
1936,62.235147379607355,3.5214667986253247,36.33695981418656,1
1939,58.5343760626798,3.485763610383753,29.101331980585066,1
754,84.43808321852966,3.5926479594413414,25.725685602294845,0
966,86.05458913447352,3.7153365904777815,21.76233253824581,0
1821,70.52097661616436,3.504221871445966,13.154293365386922,1
1477,68.14335890488087,3.492436745058576,13.28310527988862,1
9,104.23702376560416,3.716747981845256,26.264300878489905,0
1383,80.47263433335058,3.5392409210196374,33.10667973839456,0
1893,65.52570074898989,3.357114185599329,33.031593944119,1
826,84.45558400908513,3.6736561081418437,19.090123180569492,0
46,97.7670579303186,3.6732231005220797,32.105966042737016,0
459,90.48257907066537,3.795465639508372,29.678446041505545,0
317,96.55115178184647,3.671873869401088,27.13683752852575,0
310,88.02877969262637,3.882253118359103,25.00938757535301,0
1716,71.14056983224143,3.6475964663288254,17.23126450362836,1
1242,71.566567057302,3.641893444714206,39.33470067178513,1
620,85.74401555991454,3.5647198040243557,18.033521390441802,0
1467,75.10070442925127,3.5829469120593567,44.218141869292154,1
408,99.99554141392548,3.5856552339460017,33.49745604099938,0
114,99.8496024844501,3.6000796011057274,33.655814655138876,0
1026,77.22748924641039,3.4800206530531215,23.966577640990092,1
1827,64.84994671716208,3.4721097382934403,34.434985072897305,1
295,90.76237394598284,3.487907888267614,25.712246984764473,0
382,97.07699674504728,3.6833667530021503,38.85173053279075,0
330,101.35132836233042,3.7164326409248214,18.601347393201312,0
1323,71.35469969616898,3.474890314580835,16.914617163695965,1
562,97.26167402368755,3.7096121387606416,23.090886884250047,0
1084,80.66373433539158,3.590036360749879,19.73254132466796,0
855,88.04932547856572,3.563537762046173,29.03527168557501,0
415,87.68838499645535,3.794603745758716,29.906734311179786,0
742,80.30383164811496,3.6063261175155135,21.018930574895744,0
295,98.32088569597975,3.6250158815006737,30.77869335673373,0
789,80.72551205000444,3.650069374115998,30.8310632930105,0
308,99.26514203614767,3.841852937898211,17.812891778462777,0
1632,66.66654034616995,3.4611061108323096,38.605217271951744,1
634,98.21802218911134,3.437976471144877,30.250091733946725,0
851,81.0517008319528,3.613846356681791,27.638823259535982,0
826,88.26568958313575,3.67645902569626,22.869481254748194,0
913,80.66315481951533,3.532912320727127,20.73883377142618,0
1763,61.738046139268505,3.4045812927523946,27.987071111029277,1
1368,69.08357875046097,3.6649094660113883,22.92543659268326,1
1179,68.76205975350796,3.563521095795932,11.607448889498727,1
1852,64.53406738262002,3.4081132254444095,7.357215411673799,1
1879,60.690198878175714,3.4730207242160223,32.98657352780516,1
313,92.59781273056855,3.6946041980725868,12.656578676041255,0
993,80.69904555655147,3.6011699342113324,30.904594207186058,0
1434,72.5760947187163,3.650558878905264,44.812626336698145,1
424,83.70002318411277,3.547091675686503,28.187479564821203,0
591,86.35732260313793,3.610314812184466,29.622771940441574,0
1280,78.82945220869604,3.4387461621535276,34.78449978563009,1
1247,79.9118894925495,3.6153112482076772,4.427274487314051,1
1561,63.11094868378642,3.5885768106902414,26.714960196074266,1
1646,70.15670383311105,3.5215237652286526,30.859777895720953,1
1406,75.02874117247882,3.7230401811706084,23.76117655550916,1
1648,76.62628720662508,3.4635599701332667,10.440747572181472,1
1823,60.32103369293601,3.622994575899144,33.52887226503672,1
1137,77.54220100555618,3.480138338360555,19.819671100830874,1
1646,77.14079971799211,3.47676629254663,47.62933923119758,1
244,88.05011125668852,3.741409219368888,23.79472251902705,0
1778,64.70668119631412,3.381288416523641,12.171005808653977,1
1247,71.47155817703577,3.519180431167285,24.034458411297976,1
1970,54.11936020350207,3.554584145942747,25.796240675266066,1
175,88.72655275938295,3.57572266619758,15.441694954554169,0
554,89.10914135135329,3.6106816327666142,26.138897621264785,0
1852,54.508874591044204,3.429342975142402,34.19799797054141,1
1641,67.20234592296315,3.5450794122828886,29.330745696893864,1
1245,81.49622267763307,3.579231403981119,17.09666353720089,0
676,84.6493456917635,3.6219912734168007,34.283083445565985,0
1998,59.25548643413644,3.317574849092053,32.64296935611494,1
1792,60.87573981705632,3.502956441947475,15.342490879193608,1
1530,76.19234208573207,3.4105230315027164,25.28442124869829,1
999,91.57184671780892,3.4392632511728087,30.79644484176144,0
1270,73.31101857622754,3.5418908244678886,18.07367995844117,1
1539,66.73622602774053,3.6202142379110773,28.32448917486954,1
1384,69.04380276924206,3.6148291157492936,24.37136083264852,1
1094,84.7576971430838,3.5430535752861765,21.597312198149925,0
1442,65.98861031452866,3.6382484500081116,22.828294077442262,1
1474,68.72359330316647,3.491774514303812,16.58802910434322,1
1339,77.52890927150277,3.553775748329053,13.211038462322033,1
408,93.04015290681264,3.5803169468424247,32.5859762787477,0
1676,61.07916353926054,3.4714969872845276,18.839098211481655,1
884,80.54155026349184,3.8479452311420146,36.17338953384018,0
889,85.29230400516185,3.6586467387265427,29.77592504630427,0
1680,66.70054335545312,3.6060808385768803,35.79081189007724,1
865,79.47116398273722,3.3849511521019915,22.425031063504413,1
692,84.87586260029283,3.476182138976095,37.948810411910465,0
1560,66.83647606950535,3.5487093944687724,10.634767040867526,1
247,91.16560585328459,3.7454937153996064,24.956473719997973,0
772,88.88928604080587,3.7356795551657074,25.47455990985784,0
791,89.00009976077084,3.6229949830767567,23.126984054642016,0
1270,87.44467158610406,3.450463932617111,12.102358184965956,0
991,82.88676765294554,3.503722678346982,30.377436347608832,0
768,76.85725761114031,3.6520611102097758,10.277173730635232,1
261,91.03483865956275,3.722051964232064,22.77745482244628,0
541,87.89328565433577,3.7594565204154162,0.44554829762646264,0
1337,72.28965915823463,3.536410313076712,31.141206927993963,1
339,91.58688897886357,3.6670468875521585,12.756118451298065,0
1779,64.13526716693323,3.425187311112207,33.98063839924844,1
64,97.98031817241637,3.6643515023284348,27.926624228873376,0
1749,58.47680266399269,3.5608286297019323,26.317191825603924,1
1076,80.5953226272031,3.5455286733940734,14.060376044353983,0
819,83.96922518908717,3.7294784126056397,30.724691570262515,0
496,80.69759366936648,3.719198330839209,29.950568845905483,0
556,83.84416373324821,3.680122912874694,12.63354622593635,0
841,89.06776347186197,3.581754045733097,22.43366440292535,0
1291,64.22194208896171,3.5662592284895602,35.38630550056992,1
412,93.12988523424993,3.4462466443120103,32.328951547387206,0
367,96.63106914060076,3.4123375585343854,23.81149270329566,0
1773,64.70476313086854,3.405384559324189,41.435033965893304,1
1685,68.55729477011353,3.625917005907787,29.720135810342487,1
1508,71.824445780706,3.4178571998643204,32.79741780678204,1
574,87.85695239955078,3.741589647972467,31.57954935198738,0
177,90.29191867405737,3.7687904755257904,29.129163752052314,0
1508,78.27774420031864,3.641049758383933,11.100571253796437,1
1201,79.51359159427768,3.6051256582897033,26.9193094904339,1
1226,68.49482314052892,3.4565924196856206,20.511142282828512,1
952,79.03196757106217,3.7234210295973464,30.199242077655505,1
1008,78.42882325256457,3.5816972179865063,46.37806047326062,1
1789,67.82435721114342,3.4170949364608942,23.724043292268924,1
1091,79.90069015856375,3.835159854856782,17.639907952110335,1
1202,75.05599560667193,3.770249484422753,20.22940685997578,1
1008,76.61680454125549,3.410821572439164,12.878241323891633,1
1331,84.95774660051895,3.587157017786572,24.093907061287794,0
300,96.88293287045961,3.7304520981834024,35.80510619878037,0
1620,62.640018813951016,3.4766566493848914,22.34474725122297,1
747,76.40579277976744,3.6299945866828924,18.940864375524477,1
1854,67.38761160026931,3.550260646752077,11.341148428680869,1
633,82.03178788674772,3.701821263730368,16.675598042490538,0
195,108.17021338673206,3.766348874110824,31.887281273298527,0
1041,82.69408114693752,3.5505669038490417,39.98184667189797,0
1248,74.697264929401,3.572523838601002,42.2983120220932,1
728,85.75625428955725,3.6850234175255405,32.50600507436714,0
844,77.7622047529689,3.5545023523223716,21.262812766481403,1
1691,68.13349236736182,3.4053389682250863,15.392263376147525,1
1500,63.36446301926786,3.410905508903846,19.814836298220804,1
1013,78.47079929034157,3.696278160403791,45.16947350985219,1
1520,74.54477470203943,3.5467283558379905,7.733104206701999,1
1403,60.46920436130829,3.376008426197566,21.863659208813402,1
355,99.89956438958372,3.7077311304730762,23.432216610958832,0
1758,56.71888997216972,3.5914486216149855,24.624386237191505,1
287,91.77669095671688,3.7893692006194235,16.96539031221232,0
189,110.13019734095678,3.671409116328641,31.637646858413973,0
1961,62.64003349633486,3.451284278442536,39.004259444346346,1
97,96.38251274740891,3.846656857174368,19.949991570107937,0
262,96.96426273477528,3.753794095440303,32.01746228123225,0
616,86.90648210380978,3.7151801920239578,33.8105796510621,0
1471,72.3073960018603,3.559858443874909,10.703400857196304,1
1971,58.33418301742956,3.3904638232027935,17.57044399312827,1
1064,85.85836846661047,3.534674988776315,30.576464087552058,0
1702,73.8790824435136,3.6129145325479906,18.379006428731167,1
1116,73.96570953182915,3.791944282969336,-1.4905392757800513,1
1954,59.36178558171684,3.543118624434897,28.076805708382842,1
1675,62.779040004784434,3.640400840708009,8.886510742483267,1
1354,66.83159374326115,3.542550830497134,29.89685315841863,1
28,94.31934941948766,3.6792066089726423,36.79003057162136,0
808,88.18256975999287,3.6795988972718936,30.034889529156203,0
438,83.94739247425619,3.719586995583996,37.537259475791174,0
963,79.24366004091397,3.7003690395748197,16.656682789876427,1
1623,76.53900549067869,3.4850958389536526,46.949428968978054,1
615,90.91211786084222,3.805562219726994,31.907681481977338,0
59,94.14657089488048,3.6490247130290303,23.698406121588686,0
296,90.95172315024409,3.585461998790341,26.055453590684934,0
1805,58.45831011489769,3.4700246089562206,32.62328532896978,1
1098,82.16600571385429,3.537874917683064,22.845847059111563,0
811,87.19174748725557,3.6558360587443257,20.15629671353482,0
168,95.82296421466955,3.783896562841794,30.141931816958007,0
1193,83.94775649746053,3.485711222879156,23.097475546965544,0
165,94.73215384162705,3.54717935448346,16.82600419556851,0
1439,78.98688422725542,3.4956705085985376,26.599847834995682,1
1958,58.93063667504328,3.464080159491303,32.65131352246125,1
1630,72.45090946791296,3.563880732409868,32.450926941299805,1
641,84.26947441185884,3.6313206014758745,7.112102819188991,0
291,83.21277402536452,3.5685565796587615,25.414430000458076,0
939,81.41823486587217,3.6875785743248684,29.487508916857635,0
304,95.06359320745361,3.6471057896952352,28.666120914282907,0
1102,75.89601740007497,3.308286314743722,30.075400086634808,1
1592,67.88102355481877,3.4836789562098716,20.40528705929587,1
73,105.01305342392759,3.699416738235139,9.07588081463359,0
198,104.01004351747511,3.6149558088121805,43.67997335680524,0
185,92.78575362441244,3.599728974446874,41.51149470138246,0
1777,68.78952001653978,3.621744504009733,12.672194317653771,1
1502,68.81715492137673,3.7625478738178346,31.8284729572843,1
932,79.17136618467325,3.593726126716839,31.722188328047203,1
610,88.18465289245623,3.7432799090836477,28.24296658273042,0
1412,74.44219644267766,3.55373470018981,39.175866057910525,1
1876,59.697039042106425,3.4940531873847465,16.040900928396866,1
1863,62.485075806632665,3.426650063640912,19.867366594941476,1
925,73.06348350346741,3.524630140739126,23.799048332353664,1
577,88.45700535946162,3.562218117427591,31.126344341518198,0
1144,71.31633068347,3.525743291249883,27.192928145813163,1
160,87.74714571853553,3.6256091491958014,23.09935842658208,0
379,88.50066228500798,3.6003704870977464,32.43184726089955,0
595,91.82283326227667,3.5648705564567194,15.68766908111047,0
143,98.10890739833373,3.6930979750280972,16.746659789174473,0
38,104.99546156498337,3.7611598489514946,27.937788883360962,0
288,89.37088794786604,3.732296689310441,32.73713946181389,0
177,94.7679141960072,3.610763259607298,23.864661496154078,0
553,105.65850431243629,3.5996345518033537,24.573120632061908,0
1665,70.47237212041928,3.5394728807335345,26.204957408451246,1
862,75.64484838538475,3.6739821209689025,14.396879593400902,1
1195,70.90127229416717,3.7493263823197256,6.140931524982072,1
311,94.71607147265667,3.5458807057342283,23.392832629847824,0
1339,72.68951879678332,3.5083154206132754,29.93360702685556,1
1722,65.65622617368072,3.458596601977196,28.936198985829122,1
1133,84.87881516810879,3.5730299548366307,25.723262375345882,0
1258,70.66254032402904,3.571687564143115,31.063152764291704,1
306,88.44092795783581,3.7341624771592126,3.989249318460409,0
1948,62.669739674872304,3.4095405578500135,20.117141099922975,1
139,86.52155165760713,3.839794444671518,10.49411524075477,0
1939,57.34877215439211,3.4830063344070035,24.442211143768613,1
1155,77.42488244083272,3.5184472602963575,11.234132026313992,1
534,88.8489073279376,3.7740304288278805,31.190619195154547,0
1693,70.61805550094746,3.644768898627034,16.355681825269066,1
975,89.82735748153368,3.6662782693590614,19.519007159928485,0
307,89.82634793830597,3.5674764067116014,35.43769517392086,0
1936,61.56447071548371,3.5827127506117544,13.025956410162172,1
701,91.33104284382361,3.7738818196955446,19.531478738753655,0
683,85.07662998025492,3.6162856718283494,37.69992192134558,0
1208,71.73797580386291,3.370141669259876,36.81797468370391,1
850,84.42401077797186,3.5761678911160857,30.16574308951644,0
312,89.22731392573415,3.7471015887156063,3.9554332613424563,0
614,87.74816976035234,3.6590752604549803,24.43633419963407,0
1710,49.049463686599275,3.5933568198368544,18.950270059390657,1
1020,75.69065088155304,3.726168877837329,25.22419284261118,1
1012,81.05967801377149,3.4982981712081127,12.080428731666359,0
1490,69.70727253727264,3.551726112620074,15.936818146116774,1
1073,84.16070123966853,3.3999156132084765,37.20891160394513,0
383,97.48377413170547,3.7511960485903844,31.682535045159284,0
1339,77.24928534376575,3.3931396485217222,22.854891972603927,1
1235,76.99306799655226,3.6245711855092946,18.383500835660524,1
1049,75.48022624974601,3.4085717533252375,17.70443199826088,1
955,81.47952455749625,3.6690393489602773,20.375289677909464,0
19,106.20875570379455,3.7110744618570957,25.748931968943747,0
1609,74.19909318653909,3.287056671033625,35.01787213611647,1
628,89.33709268139688,3.736561530577873,29.168534185076435,0
659,90.4747895806368,3.6542901500395044,27.5302351391819,0
1257,78.49031275945812,3.515050578174708,39.68058635232492,1
60,92.04629514062495,3.6180711247746524,14.355294705427275,0
1568,67.82385095940012,3.5239307829870223,14.055058735830098,1
1348,71.23527520226335,3.72049696588772,29.313315412684243,1
1322,74.4761658913396,3.499542658618326,24.197404299041857,1
1323,74.25649986900306,3.7566357189947253,23.664030818037837,1
1845,65.72112960251822,3.5305231563678006,28.107403224043075,1
1385,77.24898246300322,3.5917489336673345,25.746447580644855,1
112,96.33908077823165,3.759983047061667,30.03969075930517,0
371,91.19513613472445,3.798863760114357,19.541472014712337,0
1904,56.339506046820745,3.5499859389815946,17.295243706765604,1
738,83.42646907335906,3.6287386600293123,25.118752307248748,0
1504,77.90155933056784,3.4715791512298133,22.253963383422807,1
986,78.84304350381775,3.6255548942592344,0.6454439971066783,1
634,86.7640909680561,3.4441655731948826,11.6908553766521,0
185,94.04979829420387,3.7478406188875315,13.333012488992646,0
1886,63.1700763473493,3.4546638113970145,30.013323476368775,1
148,101.30615557539882,3.6195476700397107,32.063997883446326,0
1950,57.67168427160059,3.2883144146137195,19.907626996088997,1
1657,66.17806998658125,3.416411189775947,27.141041247017537,1
1081,76.03781558534554,3.708909703386348,28.450895784280025,1
293,94.14654003836998,3.700956863587448,9.482665891935797,0
1994,56.61636762523163,3.559129992475652,31.380039544114126,1
1778,69.69843945462767,3.484558609988973,24.703164679744464,1
1050,77.92394017445909,3.640958440885417,16.709433089411668,1
9,106.78761001476947,3.716705142040846,32.36406668029965,0
1417,65.91385063787084,3.502154587816862,14.451728605810494,1
226,88.79180134145857,3.795368937789987,32.79957330716259,0
1005,83.77361358359582,3.6752246149915586,24.947305502872588,0
1474,71.09155022321403,3.472636591604143,22.05619659889077,1
1698,70.83474827929096,3.548666692716018,40.10996635254656,1
1034,75.68943761097967,3.61554287213199,27.95284155897862,1
1085,73.63481031926942,3.5577920469754525,34.25776293092698,1
429,90.24131524420882,3.7266477212553775,25.636377036459937,0
1652,75.04133707379056,3.5102842923715425,28.647501398827004,1
405,92.69596292582541,3.6386341948930987,43.21861039330668,0
360,92.71703345917938,3.5561640173526996,26.046738050968663,0
736,84.31067909739483,3.9133710491441858,25.43989702499612,0
715,86.59339492374701,3.729034745976521,11.307689600964945,0
207,105.94921440785606,3.746789790743963,21.717047443717437,0
1829,60.683522676241836,3.437529598038193,27.41286004035756,1
255,92.25470304037067,3.6593172485683785,25.383659932225665,0
1609,66.51675801777061,3.198737367874968,12.638245417823713,1
1307,72.52389746220226,3.497515299739108,12.75839568633504,1
1066,80.99487927411444,3.4814912988829247,20.072599702238495,0
125,95.75093510190314,3.801030503291465,24.735955822139683,0
1355,72.32039054592843,3.390129458754224,16.4187208398108,1
1710,52.33584762172441,3.500622359397921,10.590127336631195,1
1967,54.733260703659326,3.3740475791098437,19.978786192083668,1
1923,58.57321281564876,3.558974939373918,22.371587597205835,1
783,86.52459565930576,3.641351250513042,15.484404864770207,0
1840,66.84754385641278,3.6303922951585035,19.948643103333453,1
389,82.77353001316854,3.579688519144744,29.673058656767203,0
711,73.52562340485382,3.67989080554807,10.224795156443314,1
1492,70.40474540060065,3.602563687830667,15.057313681840828,1
238,91.69243865060169,3.8575348058661674,20.982622905201552,0
1939,56.969527486141416,3.461643549028884,25.587439587676453,1
1220,70.14766781923645,3.5529975987852307,31.76987633897226,1
1387,71.83586542335242,3.492195143350055,29.881560894076564,1
1662,71.27638816765528,3.607712851536855,48.144932350409924,1
1602,63.59567971572559,3.367696542154247,37.07682913033716,1
103,98.2589388645751,3.6628411602578645,43.94834087749607,0
913,84.14446231234379,3.630683722656097,21.89365765771619,0
256,93.94056822751243,3.630337691888938,42.42408603719551,0
212,93.76258376054659,3.5392627547835174,21.55864069741528,0
428,98.55931312935624,3.569521050454874,27.962594926147496,0
11,104.56025870825032,3.6605217428431542,34.15318377776245,0
43,105.17173953004938,3.607923828621346,33.834075233501494,0
81,92.27484450810196,3.578772822702981,23.682835662210586,0
1338,66.53299146812722,3.6501180132533633,31.22904002194784,1
1932,58.27734076801055,3.42007235309963,12.738722222447002,1
396,104.33062427798492,3.7640446481936904,15.445026645725024,0
1812,67.81230425009029,3.5517192940485933,13.008778967400747,1
258,91.5895841650847,3.789370049452918,27.120472917330204,0
615,93.30322255635244,3.6061911397426956,18.00558269250029,0
1791,67.4236071177077,3.425512437697071,26.628353135496454,1
112,107.80483530847012,3.6179160507704013,8.955484536408981,0
94,97.3655395151528,3.5607651538302707,1.3622229345183925,0
1650,55.55618699541792,3.3830725586727395,31.453839279213962,1
1612,58.39555246889678,3.6655007457328725,33.02546157246198,1
224,102.4804077668014,3.7942677670985874,33.28100837581939,0
7,100.7835977962351,3.567391468228214,5.616955771877851,0
880,80.59590703898259,3.4362997215990383,22.33642780563606,0
950,76.06974682209417,3.85727756356405,25.738235273603614,1
292,95.39674826829697,3.9074083145107963,33.426521634736964,0
1295,74.04028485974167,3.454829151345015,9.575877704555824,1
1475,60.85667202259916,3.4080987950607664,12.807991450384854,1
1265,66.83095929417865,3.631743050798031,19.53185425997491,1
265,85.60352087279807,3.667251938962211,37.15927526505877,0
293,95.31358561189462,3.5647401486459005,28.050058458846614,0
1515,68.76059466766289,3.7120936084360534,42.093315033112816,1
922,74.25478179143866,3.628042905400189,22.431886311377877,1
1064,80.70581482330516,3.60823424115615,35.82887503874195,0
321,97.62041872012895,3.748425061960088,33.28113306301045,0
1216,72.46854720999042,3.6448993087853423,28.815029762810887,1
1976,55.95878168614297,3.569805176449058,37.36152146930387,1
870,82.79897850713385,3.668710776657291,25.98816404257379,0
740,86.95608424376574,3.5824552548186728,31.047514045723535,0
715,85.45352744580025,3.5992491806647573,24.593083348792163,0
1602,72.66050753585367,3.6698701685023214,9.570736713036208,1
884,84.94968635187442,3.5734824476488742,25.803324780899775,0
120,100.27724434516877,3.7986100473043054,29.84950938220641,0
749,75.87858066292462,3.530693623469722,33.89285402654348,1
38,106.69026141043689,3.753257230911454,21.809271622217736,0
294,90.88639851476312,3.664314359037292,24.568984126022258,0
784,85.41263194779422,3.7477283467200544,24.78967615150993,0
400,89.2304413430314,3.80314249382638,18.359260317286413,0
470,90.8900641467072,3.539952214954445,27.425839666543222,0
1323,81.5647475142972,3.4171945814237192,28.21904248897074,0
295,90.05474216043056,3.6598422689884096,33.96401970952865,0
1803,61.162084544779546,3.436482420610318,19.511527149000734,1
408,87.6211618651253,3.806906484070296,30.26364876727753,0
316,83.24511364420938,3.6430788090650874,8.961294202599209,0
359,94.99206186725753,3.791470288094471,23.346892933925844,0
1393,63.79119421217996,3.57975514965435,31.043905368862724,1
1794,65.97050881130095,3.4514830743287743,25.779566895548445,1
1459,69.88815518951344,3.576572671711062,43.62116923953408,1
1753,67.17383916623803,3.4361075097257556,28.903484705349747,1
1911,55.7812497760019,3.6140279607276145,38.44758510781597,1
1293,66.03798855653413,3.507013108026368,34.658078668211985,1
801,89.92160636427154,3.489859029176061,23.955542947418397,0
928,80.57480825731389,3.5711437673262934,19.629678832500304,0
1170,71.91689292180706,3.5864281028374108,36.14147623806866,1
1326,70.22451831620415,3.616336947136864,41.60716150054928,1
936,73.61464585618006,3.6511199434578345,8.864900887620411,1
7,99.65982295782929,3.796513354641508,18.2653818935728,0
327,85.47198467800581,3.748616986448073,25.022573143067362,0
358,87.85168753624119,3.599766664962273,28.663670371755714,0
342,99.55219713407126,3.78474566050147,19.718156785522034,0
1509,78.73861674727672,3.5613752283387754,19.225852565068003,1
316,92.87353549408267,3.514571404664584,17.303122401046913,0
422,103.57819190512613,3.5979428547925254,9.537634456249764,0
86,96.81722220173266,3.6676724861585233,31.822116439064278,0
628,85.58732831710114,3.6459548887003095,28.553065602223015,0
830,77.87850300438765,3.652210243907298,18.384061083526547,1
1393,69.65177237376133,3.598149411142548,14.435484464829072,1
1499,74.92970899418303,3.4033620259104875,16.200216922632862,1
288,96.09007212422264,3.702379645786246,37.69432479321142,0
1186,69.42314647422657,3.6392513317373916,32.483012669727316,1
658,85.05216384332456,3.4698978376337974,25.41988530169102,0
651,86.28767978345641,3.675643475958557,20.480885002362868,0
275,95.71864137457929,3.808463832995203,21.8982058666114,0
1146,71.18022945807259,3.6027925137169334,35.54660960603361,1
1237,78.18147093862513,3.5949178383942746,33.620789197880576,1
106,98.1286973130027,3.7226545378976965,23.932180388955235,0
393,91.16762866850968,3.631664292353076,4.298700946537018,0
787,80.66712727587435,3.724267974891822,27.100354178391,0
1356,63.24156801781372,3.280392582451469,38.70392004990009,1
59,95.99081378984843,3.7516802452856632,23.42638409359181,0
1309,81.45450994541505,3.424726448177471,20.38470489046453,0
304,100.38250976934157,3.74296404457867,11.404893515184064,0
484,91.74249501657535,3.5471422487608626,38.07882937988935,0
140,94.47175078987858,3.566479141453981,8.05620938905577,0
1741,58.75740032068862,3.6508833393747593,36.101996513093,1
1934,57.019819897692486,3.568398259731058,14.977173500213276,1
1505,69.44028235689564,3.5756506662281726,41.25393168726059,1
124,92.47576668154782,3.690448941869683,19.33147225197175,0
967,79.08057231866806,3.457254608991704,13.874772972043473,1
1357,78.46758523995493,3.6773557383816273,26.92030871685104,1
384,99.26938343573741,3.6767111314739442,30.389033046351074,0
526,99.65682192649213,3.6465188888539672,12.333698794635875,0
119,98.14317229440954,3.596522945259857,22.369069037753253,0
391,94.11474089260163,3.5638855419864233,23.67879252021568,0
1372,71.35199316837466,3.5358193002173706,16.64934380737276,1
5,108.72708875317984,3.8217979869073266,24.534285638191356,0
882,79.37610658139707,3.435469891829238,30.03967497476699,1
291,85.33676970003008,3.606853830742572,46.12819043077647,0
1706,64.41671701374818,3.581532821352149,13.76368685698214,1
801,77.98303983321011,3.396212975120447,31.49902603225413,1
470,91.75030225163182,3.809404125464538,17.6769845819865,0
1463,67.97411403732156,3.5097035343154377,34.4591191159374,1
1414,70.87260849152675,3.547966066424165,14.098017981692676,1
1783,61.45151386371673,3.564507830739287,13.271806996688106,1
924,78.16660880931316,3.4669345738817636,14.169550183897517,1
1390,72.19887040844394,3.217933274732927,12.369347000236582,1
945,76.61276724151578,3.603285298359279,23.48356754831641,1
192,95.92645299824672,3.7299075191665674,23.3600310746672,0
943,81.0644221294059,3.466618736267707,38.987435373818336,0
130,90.41893310177878,3.6976428177733673,22.996617759642543,0
1540,67.6252902332026,3.536494455232913,30.266994608394427,1
1658,64.2193625839393,3.4992188364449275,47.96983618183887,1
1504,80.99552032550535,3.4957967935675063,16.783050477533536,0
932,75.28258697178184,3.453241051128545,32.96927802053953,1
1225,75.30729931289682,3.5142259023193945,49.5822402195583,1
1562,66.8737113601177,3.61668228105236,33.42829058869876,1
311,85.00696864578184,3.6518730380228304,24.32857867950125,0
62,100.18002615885578,3.702864828532147,43.49703221979041,0
98,99.67139093059276,3.6690107579564666,11.653247055575648,0
1754,67.16884915404236,3.5486649023819345,18.622025722445933,1
1753,67.88225664109689,3.596396644578768,38.28287827687546,1
675,83.82380794784002,3.5640277478881988,25.017372605127253,0
139,96.27056926717447,3.650721760596146,30.206447832575492,0
1687,57.80141107606633,3.54677091945869,36.206552687539066,1
1463,73.15956758213798,3.646092476283024,10.08587205098051,1
781,91.8928329218599,3.6393689340068183,32.00824877474659,0
1908,56.55084748300063,3.4071913900346056,25.990922028952337,1
689,84.88406304248457,3.702701175501457,22.738354671685908,0
1473,70.82640001343378,3.6495775824033827,22.858568390983912,1
1686,58.22924348596955,3.495778379179071,41.63079886273246,1
1509,73.86902927150471,3.5649058142821612,30.29035347666658,1
776,88.00924876918711,3.654136295046961,23.57734634962013,0
378,92.66078255771217,3.741692255902736,24.94782072875269,0
1678,70.679144133242,3.4117776892790435,20.796855410057987,1
1032,78.43981288614575,3.6782140198861133,23.781441586309004,1
226,95.92183968224754,3.799833965899367,19.416138169032855,0
314,88.4823600487097,3.780697498563532,20.378826222175995,0
568,87.15244527971014,3.7195280861380646,28.06114277118244,0
1115,87.66997489279248,3.5505054462553085,22.44527363844627,0
1430,71.91242518130723,3.532848209922463,27.042006882029117,1
1658,65.53488062245923,3.5122950440955956,10.023132553880359,1
718,83.90186173528666,3.71822749450399,24.967445239437325,0
1189,74.08033163865987,3.7438810625101264,35.038676553032474,1
936,83.01369940246117,3.528105197719997,28.73509126614004,0
1960,63.36822272277052,3.496486937303013,38.935005665220274,1
224,92.06872288861784,3.7458571351216317,39.27549509288605,0
1864,65.03355612237162,3.5907389486255523,32.650800702725256,1
550,88.99798073500718,3.6629465540120574,9.399497776476736,0
1688,67.9483437087192,3.4853940153411984,16.90875680008133,1
1404,76.39524320900762,3.7113490191464553,7.424222867305804,1
1059,81.17205343509873,3.533673572315658,19.505434274357903,0
1678,65.58429447354062,3.497968478460647,27.041325979006118,1
1371,74.21559240162625,3.695215407565792,21.50685865845897,1
1979,64.14333878807318,3.4771776377358177,7.95582013889446,1
925,85.9420747111867,3.6459204597391643,23.38079531148278,0
1384,66.06345507571753,3.698731632262718,42.72623393518468,1
1933,56.19826898560337,3.6459506245440982,16.396266218681227,1
1410,72.0336167547461,3.5804576076060446,13.494748799929432,1
1512,63.77786120068591,3.6309838398125596,20.19248484064762,1
1400,80.49417728383206,3.488361849249192,22.992304577204433,0
1025,87.04574743067916,3.651557993229086,14.20008884469775,0
1478,70.33752646361812,3.6880755149999698,28.703807790855453,1
496,83.48243810560712,3.641529519060802,21.218465358301387,0
83,95.33668512648372,3.7228479154145075,29.619506455716184,0
1063,75.72744919833681,3.6990106276138865,26.577542763842917,1
84,93.55761908046036,3.69355813285668,13.849727685556863,0
1159,72.6127304702028,3.8512322993594097,39.18910680607589,1
995,86.95898420552521,3.6087426130073603,18.883085303937012,0
1690,65.77245073806944,3.6665054298530997,16.710816291013714,1
1904,66.1620797411086,3.5653935675827397,32.579604156494675,1
1967,53.42975761702449,3.5586015646292473,16.93714634938049,1
1446,71.80471720386758,3.510794479622182,22.68841994262999,1
118,98.8737411756165,3.6439127282933828,26.465115121854158,0
1218,84.76398234256239,3.620120166286926,39.95275740637243,0
320,88.65011254388725,3.617435471307435,32.993776622009705,0
1943,56.66958503770149,3.39505544861045,21.170945165489186,1
911,81.81000015733392,3.678785231755997,12.094270653090494,0
15,98.9506277900209,3.6769886929129596,13.125194211521219,0
1329,76.58935697322416,3.552489328423207,7.79644379034686,1
463,94.96968938707306,3.583240412241348,24.172026824917108,0
309,99.40050180340043,3.565772011652737,20.74834177270293,0
123,102.1092475764851,3.773144712855015,23.61366729718187,0
1457,67.34183220015913,3.548413208229897,41.7717609514888,1
1137,75.56926763322133,3.5063755346782157,30.087063868710572,1
1068,73.94232499896268,3.656178047487365,17.221047434122223,1
760,90.87413145975286,3.7131292092969557,28.808720273820178,0
952,85.73067906554441,3.580243021050058,34.32252500473216,0
233,98.57453231396802,3.579693670121444,31.617722264686023,0
1813,66.1035050980706,3.5514702637242865,29.878961119393377,1
1695,65.66618362762141,3.3746601760239696,48.084070325291634,1
1999,67.70643437353763,3.559290571446977,24.571957179964688,1
1547,70.81067762873646,3.4791670969586015,7.419030768160958,1
1964,58.47440619089776,3.5222771251344613,39.268883279982006,1
1762,58.4764681696569,3.557505953868269,8.511097511818413,1
513,86.21437210096073,3.631375658658567,11.909119933353907,0
288,93.39668313042206,3.654713645963454,39.36490261040305,0
700,94.91884685352748,3.6810588837077747,26.883165419173793,0
1460,69.4408876414961,3.5679181098122714,17.932683146625177,1
988,78.97228852112553,3.746486896803637,28.02092974718028,1
1078,79.3078511852018,3.552276382243041,9.095828342504927,1
1512,64.34198381622853,3.4743455840398174,29.701887299944104,1
1943,60.049693550528175,3.333995397439821,27.043633084301387,1
1537,71.53904951038928,3.3410639779314213,38.24497332391173,1
1660,60.802017008431626,3.614638762559325,35.66031440126841,1
1933,67.99338636535194,3.372740817019027,24.78056486744117,1
1952,59.78073063989708,3.6174392112446725,21.74491998168252,1
1388,69.21052309988639,3.4705785525769866,14.24865209773084,1
1686,64.5825384410566,3.5264706460939452,37.56311697060755,1
941,75.8670394826895,3.538005605573919,27.715719443308537,1
1000,82.41986778977592,3.5742203734451,26.36600667403804,0
1036,80.1927913974424,3.606818745480713,22.003528937793455,0
1463,66.08980309584251,3.765658812136266,30.718245077875842,1
1386,69.63146857721819,3.435549900096582,21.95007232041059,1
306,85.85315485176992,3.5818671964785316,30.80256353630908,0
474,99.34701107290749,3.7133545485370543,18.57423036036063,0
1388,78.90258427180943,3.5592824705344874,37.6014076133669,1
274,102.81559318755734,3.704547550898473,36.4914990726484,0
107,85.88175326915174,3.7253934694848585,29.118340958488893,0
872,87.59593672311993,3.7143463903420724,23.368019894916475,0
1095,81.41917560300242,3.387783391178774,22.38465291898001,0
809,87.85725248890294,3.649211868680113,24.563438367545242,0
120,95.66199624296983,3.559185872858221,41.47071646562377,0
1952,65.34758229007701,3.7009921574814957,9.064784663028258,1
134,99.08724359004412,3.605315553103973,18.088660373076106,0
1568,64.3731408144148,3.262809210775899,42.61097238853624,1
1091,77.99512358174083,3.73570282952574,20.556377869492845,1
1264,74.11593724046777,3.6458706669305525,38.459448844273595,1
1596,78.34564892135847,3.558430089805912,22.3470539154376,1
1420,68.48540210209342,3.6571638179648436,28.07030049282439,1
1323,68.95258271373072,3.8083225816428152,12.5048093631995,1
1516,67.45630633985553,3.5463910237251643,35.88350714073077,1
1960,62.08612841234859,3.4804799566906754,26.71477762014173,1
1952,58.046046937331795,3.3713474684537044,6.021200935846437,1
566,81.31324915764327,3.664422812059989,26.859605397865465,0
1073,81.29672239113327,3.486326916482063,40.85460128132564,0
1852,52.174606636535906,3.6985927204220936,28.32078364414835,1
890,85.03988555355575,3.7620369419407615,3.458247907524278,0
548,89.570733400083,3.791053866250471,21.170145175703443,0
706,81.5260429445199,3.6911420032135407,36.820542470952056,0
1163,73.38994171122668,3.5133331978970106,18.476938438823353,1
1045,71.80419512158427,3.5233249113789094,25.32251581724393,1
1569,69.47674456075313,3.602391173672068,44.33076950741756,1
304,96.04928848064947,3.501270831040408,22.166159542960035,0
1206,71.78863254023736,3.7889513608537517,46.30872957248765,1
1827,65.03566453281199,3.5093298774108463,31.486323038544793,1
916,88.18620397707738,3.639507290452217,29.23945971090434,0
134,98.87273264222924,3.7218388566507272,18.21205510227781,0
1834,61.455639386539154,3.367914119748215,19.92112315606697,1
806,90.47958405772928,3.6185702596128357,18.523026663660296,0
1345,79.63484987066285,3.6655850674214014,44.30697099506767,1
1855,56.5177822224602,3.429291426340514,20.837564591990454,1
918,83.51749821942504,3.7590573751382332,27.15951888466217,0
265,88.48995287801742,3.652207810138209,21.352034495675728,0
1220,79.46808296505863,3.3633033534791075,35.67347871280801,1
1155,77.86761354754591,3.496538544061275,25.65809148162856,1
519,84.36515161080884,3.5568834781641367,22.96533762300727,0
1043,86.68915770673269,3.502395397680745,7.011867187903839,0
1299,73.07609783701918,3.5201384889541236,19.074149111723123,1
1250,71.89660031815326,3.473100588063703,27.33630949121652,1
79,99.69018021673884,3.701911966128923,11.506062299076767,0
1183,82.6278159059076,3.430849631285232,17.2849601542502,0
252,93.05016856596247,3.675572728328264,20.247550497764124,0
1238,79.45914921491159,3.4086203821280314,29.52084399556362,1
643,85.32795957610996,3.677706779024372,16.719871073968285,0
1469,75.07239128308207,3.45214160227862,28.30425334438051,1
1467,66.4337865240641,3.6752981846222474,28.551877286868024,1
1758,70.27975932915868,3.338497817890892,30.54498873976037,1
221,101.40819923453152,3.4966736261594376,29.533637066446975,0
489,88.21091940278198,3.6748141117932427,37.28130719775308,0
1201,83.2528402709565,3.520344342807896,19.206147320023916,0
581,88.08656230803582,3.5467040512637364,30.1224174179521,0
1394,65.50372324657991,3.584017200384207,29.373341706047228,1
1007,83.92114595762229,3.657975116766891,18.628692978749342,0
467,90.14205135726618,3.8195615176703686,22.247860313284175,0
1728,69.03426634473001,3.5867202878666755,29.283802375673858,1
1542,67.18098759683481,3.4288353806878056,22.23972351608282,1
1864,70.57471851242558,3.640056721161545,38.82221841924001,1
1133,76.0192134127324,3.6071377627957015,16.009148135748667,1
1333,70.6936506906252,3.464561147696163,28.92825200221203,1
812,77.2422824667243,3.4448658496817033,30.912981900631454,1
693,86.57061836609746,3.7307531457983094,16.983329918229206,0
29,96.90881848377231,3.488711419955382,35.80724927254565,0
1354,71.99397129580167,3.6341740570803625,18.34252899765699,1
270,97.01516244578339,3.5488287990739207,12.445908773806353,0
1146,74.27957003051452,3.551691520963237,19.149868614017493,1
981,71.64328504200772,3.4716423470953224,19.484872173612203,1
1959,63.23378624803224,3.448275625610219,23.50170235470991,1
1673,67.0820597685823,3.580428547948962,23.941159515664083,1
1719,64.74539995415275,3.5732965945371222,10.871701082554054,1
1551,73.26803466466362,3.456204081942663,22.305559993903437,1
923,78.65526415245367,3.628574758678668,9.70686906914464,1
1506,72.99686322679864,3.582146654813437,25.084394562236,1
328,90.04248847874445,3.8277163445398297,39.9505858246629,0
1060,76.48919582742441,3.5176895560172596,8.321496655745587,1
950,82.62094414223314,3.6188694281843774,7.6831197048668685,0
769,91.89697840906298,3.6073396436601852,30.89038420450292,0
1287,71.34346220532058,3.6060930416076484,39.501042202952036,1
1379,66.23261899903004,3.634170100588772,21.327492142449316,1
1311,71.03245956951031,3.437974821899069,29.787555110139216,1
618,82.71632044140968,3.7569305127514907,28.69251859384877,0
124,91.57814552852233,3.776873942950914,9.597563476283588,0
191,104.52194178938338,3.725168064449776,16.789866064223087,0
1312,78.67219953360215,3.3771334920375864,29.60171576982267,1
1859,68.25435530683791,3.5711297591606304,26.795415303410394,1
649,97.02623503383766,3.5486127473922577,36.27194643937827,0
1641,74.71798065288725,3.4225806632553764,38.139075415941164,1
1022,82.81316642464766,3.585843587934642,30.585095638162116,0
1093,71.15447321416124,3.5400170614899986,12.94926751654127,1
1280,76.00107982225612,3.66635182772569,38.21436198854612,1
341,95.7233292702385,3.5546637858001824,32.04335830444572,0
1570,79.49624137738024,3.4680424544996797,41.84735674332423,1
1050,91.03972095312905,3.5504092610602234,42.22835182977488,0
968,77.83902069817037,3.579020989036935,27.49498729916536,1
688,84.49094487033535,3.583536759159555,24.48280646626095,0
526,87.36485853027426,3.652896805944442,25.24046811209747,0
93,100.994755585361,3.8935307902574348,30.869797571958,0
549,82.71139255931828,3.475804500634587,17.4349549921315,0
1689,73.38261065026195,3.421548108938415,9.912899598293404,1
680,88.3922257599874,3.573186092164726,27.580545699880712,0
123,99.98436273707989,3.667321192717594,15.936119995696297,0
1194,80.95281297965575,3.5767882915911944,27.376382354079418,0
1058,79.13178288731572,3.5747618319973506,26.857344810316448,1
567,87.78437594710003,3.595249799611936,30.416180366201274,0
0,97.70595431633171,3.756137849900443,1.6820862313855542,0
832,81.6118220070702,3.6922006150045386,11.545288017173087,0
731,82.6401793731314,3.5443148398018076,19.46288495807198,0
1192,70.70891676189262,3.59702249104333,22.1522034364275,1
1018,75.67443860550927,3.593086516154391,27.78929739249083,1
1567,71.4130232246466,3.4598203073133926,36.24186782744264,1
785,88.00444552057813,3.6208831242875985,12.594302504427002,0
736,83.57991939821187,3.638439422364391,10.166005716970867,0
1614,71.62906162386011,3.4309634033322682,32.04001439787965,1
1014,75.70070831804098,3.5139526003689943,15.358847980910063,1
1530,66.75237832727564,3.710726184916329,23.90103500223704,1
625,86.5454378810487,3.733583901609193,31.475215043971346,0
1883,59.07842192169716,3.557970630530378,33.284452901083235,1
405,91.48513353154036,3.72675101299187,29.851569837650118,0
423,96.92469336157049,3.5674627886047294,33.514274827316655,0
1204,76.72262186551369,3.5278236383821597,14.700645044039371,1
996,79.12174362352611,3.5670959911823212,17.409246016554057,1
1469,61.99072473085006,3.437313472297498,22.656916134015617,1
632,87.12972499409219,3.6596548807342257,19.591953889287176,0
913,77.30003725706928,3.6469874472445563,24.014277585110655,1
1086,70.31245223832691,3.5303882559120106,13.625236107425156,1
1599,65.15255264945132,3.6472546245946824,30.96208476509483,1
695,87.56728950111784,3.7423106434996183,25.586193129280204,0
277,102.68761986890603,3.77935223481809,9.72154911213394,0
1043,81.01573150436676,3.5920115561878254,27.221474126343878,0
287,93.22596197795927,3.630574332477529,35.58902072888668,0
1285,73.35920687218243,3.4401789637483113,17.51801214441294,1
1808,65.06105921300416,3.6522115597826543,17.426849216147765,1
1653,67.71226343535929,3.4732211952415093,42.13240933754143,1
1776,63.9612333907756,3.6317680701815496,15.95562094192929,1
644,79.9489496341455,3.6733549374353642,10.429497067925166,1
1243,75.36757085213638,3.6196579373345394,25.638231498748883,1
286,83.90652532924977,3.7242117895323967,15.111595730625693,0
430,79.75709192193199,3.51388047186386,17.05136372277053,1
720,81.25959777153938,3.6632766281826226,10.9161890604896,0
739,90.08359959181766,3.489476788446484,33.168442293738856,0
1637,64.63501677676199,3.7780827212856085,26.43412811407768,1
1865,60.34106024196601,3.455734990496181,19.68417058984557,1
1397,71.93023193220981,3.596285134716923,31.749010025858013,1
1658,67.60808685442994,3.79305409379179,26.45125850595382,1
1927,59.84694957582735,3.419965151029409,26.187339214526315,1
1468,71.22626782403518,3.683685104781501,27.953995770192396,1
138,98.36803242762936,3.8979963249781764,21.79603794856311,0
24,100.09268168582456,3.8183158547989575,23.66156672981231,0
190,91.49901630682146,3.6360748685261344,35.16957984265327,0
577,89.14247152170563,3.638359295661203,30.43108728161601,0
662,85.85863941308625,3.761164512197186,32.63034206839136,0
696,80.41431480119246,3.646516746514376,15.047530622505544,0
1753,59.80909212204337,3.45887386922123,21.836334336317975,1
1960,72.35124978615646,3.5338129174888344,28.01652806234806,1
1180,76.4397725053934,3.4755028866656854,32.90517189729194,1
497,91.83869046796164,3.548241628552848,32.82771407740437,0
1767,70.82235769602103,3.4599364397231414,27.061558475484603,1
130,108.4161091871011,3.7045479516186517,31.475887873628768,0
1534,69.8340858242983,3.5075855170314187,25.651389130820114,1
1255,72.57400498243965,3.6050131799746254,28.20328128213987,1
1676,67.76138720625435,3.505467776229622,18.648097529117344,1
1518,71.51044663546271,3.641679447535778,6.836254551183249,1
1799,48.5452398586024,3.3666983333445275,30.75271160040123,1
368,88.12251162198707,3.5336674424964114,25.99463222649054,0
1347,63.880610297761606,3.518745996988184,30.831177909403397,1
848,86.87023167180523,3.49778554176264,20.075555739607,0
1734,58.62585763731673,3.590530772372356,34.03125515411277,1
563,90.82653762263077,3.8014497093688346,9.724453858420235,0
1246,66.5239188548495,3.712294362948031,23.304448396127754,1
1142,81.17744309647424,3.623770902932431,17.538924592586177,0
28,97.84436586845288,3.77658273688899,20.01983606605503,0
1351,68.24202792272364,3.4138763743834315,32.152714029174426,1
1312,73.122880889802,3.654293150832608,20.40287644320505,1
1269,69.66148969700481,3.5307535971484767,21.040198038651344,1
337,97.98081527209455,3.6711355332351054,19.950754829646876,0
218,94.90142125233787,3.488205648235061,20.36213759003447,0
259,97.89089806441508,3.6342860837565842,5.929767876201776,0
319,88.80455556596142,3.69424292301595,43.51707486707991,0
1210,75.71612541983973,3.448580074095667,17.23208865610684,1
118,105.43670139270726,3.719935511811815,22.01102247492066,0
30,102.27723807244166,3.6066906310578086,26.94883158791135,0
1137,76.72306776210075,3.4121945791741233,19.966123708293814,1
134,102.09269639169659,3.6006156492146375,34.15561046809493,0
1208,83.10836193707809,3.7289786740982973,30.95643866574484,0
1883,52.51575086116488,3.4680798505415096,24.428820611656118,1
601,91.5238446008634,3.6747100236199426,18.4250820229634,0
757,84.72029359702083,3.6984024996398595,22.433694757311212,0
1047,85.79265173442354,3.5593288559218257,19.167845862026795,0
1193,69.71388779118708,3.5582532291527293,30.16792452886858,1
1933,64.90372391793649,3.575927515621035,40.35270359353678,1
480,86.54238110868842,3.515518318401775,23.235448792070827,0
1986,63.2851795741449,3.6001104152427668,17.761534769733412,1
581,84.39899891904926,3.5962847677355567,33.492636441843416,0
421,90.11450884867489,3.6674528169749516,31.399760941582592,0
1438,74.88944218346177,3.600812140494585,8.326406000515277,1
1859,68.55601167417888,3.6371759268888466,33.60591240679594,1
5,96.10191046554209,3.7396185110213116,14.636135731354155,0
1656,73.0944932826325,3.3440170863995706,18.31475447073614,1
1827,61.79579047436282,3.632083755984237,26.404047421699705,1
1984,57.77449732870955,3.4605309312930026,2.4610906159609947,1
414,88.06904841127323,3.701174672253634,21.378712764096893,0
1285,73.22161629333905,3.65990997755936,41.45064941229151,1
1576,58.451073522336756,3.470097550981289,33.73736643802573,1
1731,67.33694896056126,3.599593081819944,15.98898029539811,1
307,93.46603055604899,3.800123358321047,17.915298256848878,0
861,83.72835867776075,3.6089237260430878,17.75465999233618,0
958,80.67777895559836,3.7768542951552844,32.125160215621776,0
1090,78.95483029063469,3.650373255591102,35.73472285368196,1
740,78.33411317733996,3.514224515919456,25.622191318247076,1
239,101.96654449281246,3.6416274174382472,16.00472471674285,0
1814,54.323680846298004,3.5330362456908015,37.1053455616746,1
773,81.68753814614682,3.6795773102937517,15.861390525340115,0
1476,80.31903336851799,3.477817100256997,17.557196643520534,0
1070,79.66103834549024,3.770433346800146,18.517793205209216,1
858,88.46686608707226,3.5763513460325984,44.100963529313745,0
632,94.02882566069171,3.5681492333208715,2.160312486904587,0
823,78.03540588063507,3.5992030822539895,7.970314676727529,1
1444,72.32826610510567,3.5122238095643215,26.558968683141845,1
1351,77.95536662698008,3.498863277892454,46.61985610107043,1
470,85.56786051434578,3.564892652995124,36.487082836628964,0
794,87.02598571860275,3.692066044051012,13.310709364234214,0
1940,63.43633866236877,3.4729947283907316,-5.017852453845219,1
659,91.09288782696746,3.4248497805655216,26.100520022408315,0
1742,75.24897822150231,3.47035723526862,25.741614087484557,1
1925,60.8985136889735,3.4483030587104246,32.94778455840732,1
951,89.09783344373447,3.653553819556372,42.403064894463476,0
1036,81.01288536902092,3.5929987336995777,8.89101630301116,0
184,102.44519737937978,3.7435940988064758,27.28427517794519,0
1571,67.13306089574483,3.6836016488744825,30.229280566888168,1
384,88.31408730928278,3.545941453697871,52.00156040749628,0
1528,72.10354754722087,3.6795241315798664,36.459728842001105,1
1616,66.53946600667005,3.6169284239866775,31.417609111774897,1
308,90.98494539344225,3.7255225522461224,30.565158920019464,0
1719,62.90550676930988,3.5088339594282454,46.51978279057536,1
629,83.86505909957575,3.563415649772244,23.827484436235565,0
1708,72.57594560105265,3.498446900085067,18.208633701294538,1
1599,68.04723433226845,3.5561611395042023,8.32098685762617,1
1379,69.0624617335502,3.5558739835160686,17.659654803772142,1
373,88.96987065373088,3.7425811969267975,43.609556516637674,0
1766,62.60337708117662,3.6022071674515304,20.787354107211318,1
145,90.27890983082577,3.6562638534550964,16.780846651165465,0
1100,91.69650056080296,3.620302061092921,32.41566120514255,0
1615,66.3015915091203,3.494184767963738,18.844623250170642,1
1148,79.7467186810009,3.6800729199630124,17.17911565401021,1
1413,69.2935947186992,3.7332474900733024,20.69839384060285,1
913,71.76360980274887,3.588702374709168,44.616593458784735,1
1441,78.11030195246806,3.438216286467129,22.39602829445148,1
975,90.26864946502003,3.669760986573017,21.84987102421074,0
582,81.58912756811542,3.9501107393165333,25.000705964617403,0
9,103.08798109052458,3.7274939042234094,32.11871327646398,0
787,83.35760585911149,3.6270432837780584,23.75580367123807,0
1491,65.53275220541684,3.5632180796192303,26.488762244432912,1
127,100.30432253990503,3.77010340091652,28.11300895452478,0
681,81.02077138840154,3.5637915974634455,20.442493479753807,0
151,94.56456272588896,3.7615356222072127,3.2872267745433135,0
1430,67.58206071467542,3.6296476780216054,27.247374486969917,1
210,87.54766969446462,3.7662776032275693,25.91526876296755,0
1866,58.34358544678213,3.4246017942564153,48.41103936774516,1
553,85.27347978014976,3.641551465864705,24.950556271860794,0
267,100.15638999081654,3.712574852802427,34.00975722250992,0
940,78.95558483149205,3.5514905136058252,10.846908280713286,1
1953,60.66096326871424,3.5026525725616295,17.6277860724168,1
218,99.69158908435699,3.6465637520290106,29.231196825671287,0
1477,70.46872643597463,3.409742062235664,28.558761119634983,1
1880,54.40492650209589,3.537912606616089,4.0959543108509635,1
301,96.48872524793242,3.5741417606689874,32.27071125860249,0
300,91.78903717102283,3.5162805898550653,45.060618793019856,0
1238,74.91806560230825,3.500012981146385,28.36659009963373,1
139,101.68822835790364,3.5727889087896623,18.740726802946938,0
1065,78.87749786702287,3.5824086543568114,29.051945442888787,1
1105,79.40589758810646,3.5563668679499827,30.170505149880196,1
152,102.40364265649394,3.6600746371650477,17.74803144406319,0
77,92.05394656864573,3.6481516942991656,43.34293973892051,0
582,91.8666483669459,3.8300554887186817,31.006160994764706,0
1080,81.87431189136376,3.495701489844657,17.452673589215543,0
1640,68.16300457877605,3.5704752246133658,37.507573983861946,1
522,93.34417074450374,3.6195484305315255,17.955331749275295,0
162,98.37299457257748,3.8173904540129895,4.312056211159103,0
1676,70.8095007523938,3.4664894310086005,25.47987755414553,1
1769,64.16948158368457,3.6939610941259238,40.68106869070181,1
1774,62.36958145329308,3.6471601506210822,38.17208153509068,1
1559,66.0568137930506,3.5723816695088026,21.52073842563786,1
1747,73.16357513565312,3.586419761354528,14.209665343870856,1
665,90.26436883568425,3.580905087167477,16.85640937164529,0
317,100.2959749400464,3.74770923098065,24.37535552960598,0
